mod_editor_id,mod_full_name,property_index,property_target,function_type,value1,value2,curve_table
"_PARENT_mod_WEAPON_GENERIC_Bleed","Hemorragia",0,"AttackDamage","MUL+ADD","-0.200000","-0.200000","NULL - Null Reference [00000000]"
"_PARENT_mod_WEAPON_GENERIC_Bleed","Hemorragia",1,"Value","MUL+ADD","0.150000","0.000000","NULL - Null Reference [00000000]"
"_PARENT_mod_WEAPON_GENERIC_Bleed","Hemorragia",2,"Weight","MUL+ADD","0.100000","0.000000","NULL - Null Reference [00000000]"
"_PARENT_mod_WEAPON_GENERIC_Bleed","Hemorragia",3,"Durability","MUL+ADD","-0.050000","0.000000","NULL - Null Reference [00000000]"
"_PARENT_mod_WEAPON_GENERIC_CritDMG_dual","PLANTILLA: daño crítico dual",0,"Value","MUL+ADD","0.350000","0.000000","NULL - Null Reference [00000000]"
"_PARENT_mod_WEAPON_GENERIC_CritDMG_dual","PLANTILLA: daño crítico dual",1,"Weight","MUL+ADD","0.150000","0.000000","NULL - Null Reference [00000000]"
"_PARENT_mod_WEAPON_GENERIC_CritDMG_dual","PLANTILLA: daño crítico dual",2,"AttackActionPointCost","MUL+ADD","0.200000","0.000000","NULL - Null Reference [00000000]"
"_PARENT_mod_WEAPON_GENERIC_CritDMG_dual","PLANTILLA: daño crítico dual",3,"CriticalDamageMult","ADD","0.500000","0.000000","NULL - Null Reference [00000000]"
"_PARENT_mod_WEAPON_GENERIC_CritDMG_dual","PLANTILLA: daño crítico dual",4,"Durability","MUL+ADD","-0.050000","0.000000","NULL - Null Reference [00000000]"
"_PARENT_mod_WEAPON_GENERIC_Damage_Tier1","PLANTILLA: nivel de daño 1",0,"Value","MUL+ADD","0.350000","0.000000","NULL - Null Reference [00000000]"
"_PARENT_mod_WEAPON_GENERIC_Damage_Tier1","PLANTILLA: nivel de daño 1",1,"Weight","MUL+ADD","0.250000","0.000000","NULL - Null Reference [00000000]"
"_PARENT_mod_WEAPON_GENERIC_Damage_Tier1","PLANTILLA: nivel de daño 1",2,"AimModelRecoilMaxDegPerShot","MUL+ADD","0.100000","0.000000","NULL - Null Reference [00000000]"
"_PARENT_mod_WEAPON_GENERIC_Damage_Tier1","PLANTILLA: nivel de daño 1",3,"AimModelRecoilMaxDegPerShot","MUL+ADD","0.100000","0.000000","NULL - Null Reference [00000000]"
"_PARENT_mod_WEAPON_GENERIC_Damage_Tier1","PLANTILLA: nivel de daño 1",4,"AttackActionPointCost","MUL+ADD","0.100000","0.000000","NULL - Null Reference [00000000]"
"_PARENT_mod_WEAPON_GENERIC_Damage_Tier1","PLANTILLA: nivel de daño 1",5,"Durability","MUL+ADD","-0.075000","0.000000","NULL - Null Reference [00000000]"
"_PARENT_mod_WEAPON_GENERIC_Damage_Tier1","PLANTILLA: nivel de daño 1",6,"DamageBonusMult","ADD","0.250000","0.250000","NULL - Null Reference [00000000]"
"_PARENT_mod_WEAPON_GENERIC_CritDMG_Solo","PLANTILLA: daño crítico independiente",0,"Value","MUL+ADD","0.350000","0.000000","NULL - Null Reference [00000000]"
"_PARENT_mod_WEAPON_GENERIC_CritDMG_Solo","PLANTILLA: daño crítico independiente",1,"Weight","MUL+ADD","0.150000","0.000000","NULL - Null Reference [00000000]"
"_PARENT_mod_WEAPON_GENERIC_CritDMG_Solo","PLANTILLA: daño crítico independiente",2,"AttackActionPointCost","MUL+ADD","0.200000","0.000000","NULL - Null Reference [00000000]"
"_PARENT_mod_WEAPON_GENERIC_CritDMG_Solo","PLANTILLA: daño crítico independiente",3,"CriticalDamageMult","ADD","0.500000","0.000000","NULL - Null Reference [00000000]"
"_PARENT_mod_WEAPON_GENERIC_CritDMG_Solo","PLANTILLA: daño crítico independiente",4,"Durability","MUL+ADD","-0.050000","0.000000","NULL - Null Reference [00000000]"
"_PARENT_mod_WEAPON_GENERIC_Damage_Tier2","PLANTILLA: nivel de daño 2",0,"Value","MUL+ADD","0.400000","0.000000","NULL - Null Reference [00000000]"
"_PARENT_mod_WEAPON_GENERIC_Damage_Tier2","PLANTILLA: nivel de daño 2",1,"Weight","MUL+ADD","0.300000","0.000000","NULL - Null Reference [00000000]"
"_PARENT_mod_WEAPON_GENERIC_Damage_Tier2","PLANTILLA: nivel de daño 2",2,"AimModelRecoilMaxDegPerShot","MUL+ADD","0.150000","0.000000","NULL - Null Reference [00000000]"
"_PARENT_mod_WEAPON_GENERIC_Damage_Tier2","PLANTILLA: nivel de daño 2",3,"AimModelRecoilMaxDegPerShot","MUL+ADD","0.150000","0.000000","NULL - Null Reference [00000000]"
"_PARENT_mod_WEAPON_GENERIC_Damage_Tier2","PLANTILLA: nivel de daño 2",4,"AttackActionPointCost","MUL+ADD","0.150000","0.000000","NULL - Null Reference [00000000]"
"_PARENT_mod_WEAPON_GENERIC_Damage_Tier2","PLANTILLA: nivel de daño 2",5,"Durability","MUL+ADD","-0.125000","0.000000","NULL - Null Reference [00000000]"
"_PARENT_mod_WEAPON_GENERIC_Damage_Tier2","PLANTILLA: nivel de daño 2",6,"DamageBonusMult","ADD","0.350000","0.350000","NULL - Null Reference [00000000]"
"_PARENT_mod_WEAPON_GENERIC_HipFire_Dual","PLANTILLA: datos de disparo desde la cadera doble",0,"Value","MUL+ADD","0.200000","0.000000","NULL - Null Reference [00000000]"
"_PARENT_mod_WEAPON_GENERIC_HipFire_Dual","PLANTILLA: datos de disparo desde la cadera doble",1,"Weight","MUL+ADD","0.150000","0.000000","NULL - Null Reference [00000000]"
"_PARENT_mod_WEAPON_GENERIC_HipFire_Dual","PLANTILLA: datos de disparo desde la cadera doble",2,"AimModelMaxConeDegrees","MUL+ADD","-0.250000","0.000000","NULL - Null Reference [00000000]"
"_PARENT_mod_WEAPON_GENERIC_HipFire_Dual","PLANTILLA: datos de disparo desde la cadera doble",3,"Durability","MUL+ADD","-0.050000","0.000000","NULL - Null Reference [00000000]"
"_PARENT_mod_WEAPON_GENERIC_HipFire_Solo","PLANTILLA: datos de disparo desde la cadera individual",0,"Value","MUL+ADD","0.200000","0.000000","NULL - Null Reference [00000000]"
"_PARENT_mod_WEAPON_GENERIC_HipFire_Solo","PLANTILLA: datos de disparo desde la cadera individual",1,"Weight","MUL+ADD","0.150000","0.000000","NULL - Null Reference [00000000]"
"_PARENT_mod_WEAPON_GENERIC_HipFire_Solo","PLANTILLA: datos de disparo desde la cadera individual",2,"AimModelMaxConeDegrees","MUL+ADD","-0.250000","0.000000","NULL - Null Reference [00000000]"
"_PARENT_mod_WEAPON_GENERIC_HipFire_Solo","PLANTILLA: datos de disparo desde la cadera individual",3,"Durability","MUL+ADD","-0.050000","0.000000","NULL - Null Reference [00000000]"
"_PARENT_mod_WEAPON_GENERIC_Recoil_High_Base","PLANTILLA: retroceso alto",0,"AimModelRecoilMaxDegPerShot","MUL+ADD","0.500000","0.000000","NULL - Null Reference [00000000]"
"_PARENT_mod_WEAPON_GENERIC_Recoil_High_Base","PLANTILLA: retroceso alto",1,"AimModelRecoilMinDegPerShot","MUL+ADD","0.500000","0.000000","NULL - Null Reference [00000000]"
"_PARENT_mod_WEAPON_GENERIC_SecondaryDMG_Dual","PLANTILLA: daño secundario doble",0,"SecondaryDamage","MUL+ADD","0.250000","0.250000","NULL - Null Reference [00000000]"
"_PARENT_mod_WEAPON_GENERIC_SecondaryDMG_Dual","PLANTILLA: daño secundario doble",1,"Value","MUL+ADD","0.200000","0.000000","NULL - Null Reference [00000000]"
"_PARENT_mod_WEAPON_GENERIC_SecondaryDMG_Dual","PLANTILLA: daño secundario doble",2,"Weight","MUL+ADD","0.150000","0.000000","NULL - Null Reference [00000000]"
"_PARENT_mod_WEAPON_GENERIC_SecondaryDMG_Dual","PLANTILLA: daño secundario doble",3,"Durability","MUL+ADD","-0.050000","0.000000","NULL - Null Reference [00000000]"
"_PARENT_mod_WEAPON_GENERIC_SecondaryDMG_Solo","PLANTILLA: daño secundario individual",0,"SecondaryDamage","MUL+ADD","0.250000","0.250000","NULL - Null Reference [00000000]"
"_PARENT_mod_WEAPON_GENERIC_SecondaryDMG_Solo","PLANTILLA: daño secundario individual",1,"Value","MUL+ADD","0.200000","0.000000","NULL - Null Reference [00000000]"
"_PARENT_mod_WEAPON_GENERIC_SecondaryDMG_Solo","PLANTILLA: daño secundario individual",2,"Weight","MUL+ADD","0.150000","0.000000","NULL - Null Reference [00000000]"
"_PARENT_mod_WEAPON_GENERIC_SecondaryDMG_Solo","PLANTILLA: daño secundario individual",3,"Durability","MUL+ADD","-0.050000","0.000000","NULL - Null Reference [00000000]"
"_PARENT_mod_WEAPON_GENERIC_ArmorPiercing_Dual","PLANTILLA: perforación de armadura doble",0,"Value","MUL+ADD","0.200000","0.000000","NULL - Null Reference [00000000]"
"_PARENT_mod_WEAPON_GENERIC_ArmorPiercing_Dual","PLANTILLA: perforación de armadura doble",1,"Weight","MUL+ADD","0.100000","0.000000","NULL - Null Reference [00000000]"
"_PARENT_mod_WEAPON_GENERIC_ArmorPiercing_Dual","PLANTILLA: perforación de armadura doble",2,"Keywords","ADD","dn_HasReceiver_ArmorPiercing1 [KYWD:0016303F]","2","NULL - Null Reference [00000000]"
"_PARENT_mod_WEAPON_GENERIC_ArmorPiercing_Dual","PLANTILLA: perforación de armadura doble",3,"AimModelRecoilMaxDegPerShot","MUL+ADD","0.100000","0.000000","NULL - Null Reference [00000000]"
"_PARENT_mod_WEAPON_GENERIC_ArmorPiercing_Dual","PLANTILLA: perforación de armadura doble",4,"AimModelRecoilMinDegPerShot","MUL+ADD","0.100000","0.000000","NULL - Null Reference [00000000]"
"_PARENT_mod_WEAPON_GENERIC_ArmorPiercing_Dual","PLANTILLA: perforación de armadura doble",5,"Enchantments","ADD","enchModArmorPenetration [ENCH:001F4425]","1","NULL - Null Reference [00000000]"
"_PARENT_mod_WEAPON_GENERIC_ArmorPiercing_Dual","PLANTILLA: perforación de armadura doble",6,"AttackActionPointCost","MUL+ADD","0.150000","0.000000","NULL - Null Reference [00000000]"
"_PARENT_mod_WEAPON_GENERIC_ArmorPiercing_Dual","PLANTILLA: perforación de armadura doble",7,"ActorValues","ADD","ArmorPenetration "Penetración de blindaje" [AVIF:00097341]","25.000000","NULL - Null Reference [00000000]"
"_PARENT_mod_WEAPON_GENERIC_ArmorPiercing_Dual","PLANTILLA: perforación de armadura doble",8,"Durability","MUL+ADD","-0.075000","0.000000","NULL - Null Reference [00000000]"
"_PARENT_mod_WEAPON_GENERIC_AmmoCapacity_Tier2","PLANTILLA: cargador grande individual",0,"AmmoCapacity","MUL+ADD","1.000000","0.000000","NULL - Null Reference [00000000]"
"_PARENT_mod_WEAPON_GENERIC_AmmoCapacity_Tier2","PLANTILLA: cargador grande individual",1,"Value","MUL+ADD","0.400000","0.000000","NULL - Null Reference [00000000]"
"_PARENT_mod_WEAPON_GENERIC_AmmoCapacity_Tier2","PLANTILLA: cargador grande individual",2,"Weight","MUL+ADD","0.500000","0.000000","NULL - Null Reference [00000000]"
"_PARENT_mod_WEAPON_GENERIC_AmmoCapacity_Tier2","PLANTILLA: cargador grande individual",3,"Enchantments","ADD","enchMod_Weapon_AmmoCapacity_Solo "Capacidad de munición" [ENCH:007B23C8]","1","NULL - Null Reference [00000000]"
"_PARENT_mod_WEAPON_GENERIC_AmmoCapacity_Tier2","PLANTILLA: cargador grande individual",4,"ReloadSpeed","MUL+ADD","-0.350000","0.000000","NULL - Null Reference [00000000]"
"_PARENT_mod_WEAPON_GENERIC_AmmoCapacity_Tier2","PLANTILLA: cargador grande individual",5,"SightedTransitionSeconds","MUL+ADD","0.350000","0.000000","NULL - Null Reference [00000000]"
"_PARENT_mod_WEAPON_GENERIC_AmmoCapacity_Tier2","PLANTILLA: cargador grande individual",6,"Durability","MUL+ADD","-0.100000","0.000000","NULL - Null Reference [00000000]"
"_PARENT_mod_WEAPON_GENERIC_AmmoCapacity_Tier2","PLANTILLA: cargador grande individual",7,"MinWeaponDrawTime","MUL+ADD","0.350000","0.000000","NULL - Null Reference [00000000]"
"_PARENT_mod_WEAPON_GENERIC_ReloadSpeed_Solo","PLANTILLA: velocidad de recarga individual",0,"Value","MUL+ADD","0.200000","0.000000","NULL - Null Reference [00000000]"
"_PARENT_mod_WEAPON_GENERIC_ReloadSpeed_Solo","PLANTILLA: velocidad de recarga individual",1,"Weight","MUL+ADD","0.150000","0.000000","NULL - Null Reference [00000000]"
"_PARENT_mod_WEAPON_GENERIC_ReloadSpeed_Solo","PLANTILLA: velocidad de recarga individual",2,"ReloadSpeed","MUL+ADD","0.200000","0.000000","NULL - Null Reference [00000000]"
"_PARENT_mod_WEAPON_GENERIC_ReloadSpeed_Solo","PLANTILLA: velocidad de recarga individual",3,"Durability","MUL+ADD","-0.050000","0.000000","NULL - Null Reference [00000000]"
"_PARENT_mod_WEAPON_GENERIC_AmmoCapacity_Tier1","PLANTILLA: cargador grande doble",0,"AmmoCapacity","MUL+ADD","0.500000","0.000000","NULL - Null Reference [00000000]"
"_PARENT_mod_WEAPON_GENERIC_AmmoCapacity_Tier1","PLANTILLA: cargador grande doble",1,"Value","MUL+ADD","0.250000","0.000000","NULL - Null Reference [00000000]"
"_PARENT_mod_WEAPON_GENERIC_AmmoCapacity_Tier1","PLANTILLA: cargador grande doble",2,"Weight","MUL+ADD","0.350000","0.000000","NULL - Null Reference [00000000]"
"_PARENT_mod_WEAPON_GENERIC_AmmoCapacity_Tier1","PLANTILLA: cargador grande doble",3,"Enchantments","ADD","enchMod_Weapon_AmmoCapacity_Solo "Capacidad de munición" [ENCH:007B23C8]","1","NULL - Null Reference [00000000]"
"_PARENT_mod_WEAPON_GENERIC_AmmoCapacity_Tier1","PLANTILLA: cargador grande doble",4,"ReloadSpeed","MUL+ADD","-0.200000","0.000000","NULL - Null Reference [00000000]"
"_PARENT_mod_WEAPON_GENERIC_AmmoCapacity_Tier1","PLANTILLA: cargador grande doble",5,"SightedTransitionSeconds","MUL+ADD","0.200000","0.000000","NULL - Null Reference [00000000]"
"_PARENT_mod_WEAPON_GENERIC_AmmoCapacity_Tier1","PLANTILLA: cargador grande doble",6,"Durability","MUL+ADD","-0.075000","0.000000","NULL - Null Reference [00000000]"
"_PARENT_mod_WEAPON_GENERIC_AmmoCapacity_Tier1","PLANTILLA: cargador grande doble",7,"MinWeaponDrawTime","MUL+ADD","0.250000","0.000000","NULL - Null Reference [00000000]"
"_PARENT_mod_WEAPON_GENERIC_ReloadSpeed_Dual","PLANTILLA: velocidad de recarga doble",0,"Value","MUL+ADD","0.200000","0.000000","NULL - Null Reference [00000000]"
"_PARENT_mod_WEAPON_GENERIC_ReloadSpeed_Dual","PLANTILLA: velocidad de recarga doble",1,"Weight","MUL+ADD","0.150000","0.000000","NULL - Null Reference [00000000]"
"_PARENT_mod_WEAPON_GENERIC_ReloadSpeed_Dual","PLANTILLA: velocidad de recarga doble",2,"ReloadSpeed","MUL+ADD","0.200000","0.000000","NULL - Null Reference [00000000]"
"_PARENT_mod_WEAPON_GENERIC_ReloadSpeed_Dual","PLANTILLA: velocidad de recarga doble",3,"Durability","MUL+ADD","-0.050000","0.000000","NULL - Null Reference [00000000]"
"_PARENT_mod_WEAPON_GENERIC_ArmorPiercing_Solo","PLANTILLA: perforación de armadura individual",0,"Value","MUL+ADD","0.200000","0.000000","NULL - Null Reference [00000000]"
"_PARENT_mod_WEAPON_GENERIC_ArmorPiercing_Solo","PLANTILLA: perforación de armadura individual",1,"Weight","MUL+ADD","0.100000","0.000000","NULL - Null Reference [00000000]"
"_PARENT_mod_WEAPON_GENERIC_ArmorPiercing_Solo","PLANTILLA: perforación de armadura individual",2,"Keywords","ADD","dn_HasReceiver_ArmorPiercing1 [KYWD:0016303F]","2","NULL - Null Reference [00000000]"
"_PARENT_mod_WEAPON_GENERIC_ArmorPiercing_Solo","PLANTILLA: perforación de armadura individual",3,"AimModelRecoilMaxDegPerShot","MUL+ADD","0.100000","0.000000","NULL - Null Reference [00000000]"
"_PARENT_mod_WEAPON_GENERIC_ArmorPiercing_Solo","PLANTILLA: perforación de armadura individual",4,"AimModelRecoilMinDegPerShot","MUL+ADD","0.100000","0.000000","NULL - Null Reference [00000000]"
"_PARENT_mod_WEAPON_GENERIC_ArmorPiercing_Solo","PLANTILLA: perforación de armadura individual",5,"Enchantments","ADD","enchModArmorPenetration [ENCH:001F4425]","1","NULL - Null Reference [00000000]"
"_PARENT_mod_WEAPON_GENERIC_ArmorPiercing_Solo","PLANTILLA: perforación de armadura individual",6,"AttackActionPointCost","MUL+ADD","0.150000","0.000000","NULL - Null Reference [00000000]"
"_PARENT_mod_WEAPON_GENERIC_ArmorPiercing_Solo","PLANTILLA: perforación de armadura individual",7,"ActorValues","ADD","ArmorPenetration "Penetración de blindaje" [AVIF:00097341]","25.000000","NULL - Null Reference [00000000]"
"_PARENT_mod_WEAPON_GENERIC_ArmorPiercing_Solo","PLANTILLA: perforación de armadura individual",8,"Durability","MUL+ADD","-0.075000","0.000000","NULL - Null Reference [00000000]"
"_PARENT_mod_WEAPON_GENERIC_Recoil_Solo","PLANTILLA: datos de retroceso individual",0,"Value","MUL+ADD","0.150000","0.000000","NULL - Null Reference [00000000]"
"_PARENT_mod_WEAPON_GENERIC_Recoil_Solo","PLANTILLA: datos de retroceso individual",1,"Weight","MUL+ADD","0.200000","0.000000","NULL - Null Reference [00000000]"
"_PARENT_mod_WEAPON_GENERIC_Recoil_Solo","PLANTILLA: datos de retroceso individual",2,"AimModelRecoilMaxDegPerShot","MUL+ADD","-0.150000","0.000000","NULL - Null Reference [00000000]"
"_PARENT_mod_WEAPON_GENERIC_Recoil_Solo","PLANTILLA: datos de retroceso individual",3,"AimModelRecoilMinDegPerShot","MUL+ADD","-0.150000","0.000000","NULL - Null Reference [00000000]"
"_PARENT_mod_WEAPON_GENERIC_Recoil_Solo","PLANTILLA: datos de retroceso individual",4,"Durability","MUL+ADD","-0.050000","0.000000","NULL - Null Reference [00000000]"
"_PARENT_mod_WEAPON_GENERIC_Recoil_Low_Base","PLANTILLA: retroceso bajo",0,"AimModelRecoilMaxDegPerShot","MUL+ADD","0.250000","0.000000","NULL - Null Reference [00000000]"
"_PARENT_mod_WEAPON_GENERIC_Recoil_Low_Base","PLANTILLA: retroceso bajo",1,"AimModelRecoilMinDegPerShot","MUL+ADD","0.250000","0.000000","NULL - Null Reference [00000000]"
"_PARENT_mod_WEAPON_GENERIC_Recoil_MID_Base","PLANTILLA: datos de retroceso básico",0,"AimModelRecoilMaxDegPerShot","MUL+ADD","-0.100000","0.000000","NULL - Null Reference [00000000]"
"_PARENT_mod_WEAPON_GENERIC_Recoil_MID_Base","PLANTILLA: datos de retroceso básico",1,"AimModelRecoilMinDegPerShot","MUL+ADD","-0.100000","0.000000","NULL - Null Reference [00000000]"
"_PARENT_mod_WEAPON_GENERIC_Recoil_DUAL","PLANTILLA: datos de retroceso doble",0,"Value","MUL+ADD","0.150000","0.000000","NULL - Null Reference [00000000]"
"_PARENT_mod_WEAPON_GENERIC_Recoil_DUAL","PLANTILLA: datos de retroceso doble",1,"Weight","MUL+ADD","0.200000","0.000000","NULL - Null Reference [00000000]"
"_PARENT_mod_WEAPON_GENERIC_Recoil_DUAL","PLANTILLA: datos de retroceso doble",2,"AimModelRecoilMaxDegPerShot","MUL+ADD","-0.150000","0.000000","NULL - Null Reference [00000000]"
"_PARENT_mod_WEAPON_GENERIC_Recoil_DUAL","PLANTILLA: datos de retroceso doble",3,"AimModelRecoilMinDegPerShot","MUL+ADD","-0.150000","0.000000","NULL - Null Reference [00000000]"
"_PARENT_mod_WEAPON_GENERIC_Recoil_DUAL","PLANTILLA: datos de retroceso doble",4,"Durability","MUL+ADD","-0.050000","0.000000","NULL - Null Reference [00000000]"
"_PARENT_mod_WEAPON_GENERIC_Burning","PLANTILLA: quemadura de plasma, láser, etc.",0,"Value","MUL+ADD","0.150000","0.000000","NULL - Null Reference [00000000]"
"_PARENT_mod_WEAPON_GENERIC_Burning","PLANTILLA: quemadura de plasma, láser, etc.",1,"Weight","MUL+ADD","0.100000","0.000000","NULL - Null Reference [00000000]"
"_PARENT_mod_WEAPON_GENERIC_Burning","PLANTILLA: quemadura de plasma, láser, etc.",2,"Keywords","ADD","WeaponTypeFireDamage "Fuego" [KYWD:0051850D]","2","NULL - Null Reference [00000000]"
"_PARENT_mod_WEAPON_GENERIC_Burning","PLANTILLA: quemadura de plasma, láser, etc.",3,"Durability","MUL+ADD","-0.050000","0.000000","NULL - Null Reference [00000000]"
"_PARENT_mod_WEAPON_GENERIC_AntiScorchBeast","PLANTILLA: información Antibestias calcinadas",0,"Speed","MUL+ADD","-0.100000","0.000000","NULL - Null Reference [00000000]"
"_PARENT_mod_WEAPON_GENERIC_AntiScorchBeast","PLANTILLA: información Antibestias calcinadas",1,"MinRange","MUL+ADD","0.200000","0.000000","NULL - Null Reference [00000000]"
"_PARENT_mod_WEAPON_GENERIC_AntiScorchBeast","PLANTILLA: información Antibestias calcinadas",2,"MaxRange","MUL+ADD","0.200000","0.000000","NULL - Null Reference [00000000]"
"_PARENT_mod_WEAPON_GENERIC_AntiScorchBeast","PLANTILLA: información Antibestias calcinadas",3,"Value","MUL+ADD","0.500000","0.000000","NULL - Null Reference [00000000]"
"_PARENT_mod_WEAPON_GENERIC_AntiScorchBeast","PLANTILLA: información Antibestias calcinadas",4,"Weight","MUL+ADD","0.300000","0.000000","NULL - Null Reference [00000000]"
"_PARENT_mod_WEAPON_GENERIC_AntiScorchBeast","PLANTILLA: información Antibestias calcinadas",5,"Keywords","ADD","dn_HasMod_Weapon_AntiScorchBeast [KYWD:00470A04]","2","NULL - Null Reference [00000000]"
"_PARENT_mod_WEAPON_GENERIC_AntiScorchBeast","PLANTILLA: información Antibestias calcinadas",6,"AimModelMaxConeDegrees","MUL+ADD","0.100000","0.000000","NULL - Null Reference [00000000]"
"_PARENT_mod_WEAPON_GENERIC_AntiScorchBeast","PLANTILLA: información Antibestias calcinadas",7,"AimModelConeIncreasePerShot","MUL+ADD","0.100000","0.000000","NULL - Null Reference [00000000]"
"_PARENT_mod_WEAPON_GENERIC_AntiScorchBeast","PLANTILLA: información Antibestias calcinadas",8,"AimModelRecoilMaxDegPerShot","MUL+ADD","0.100000","0.000000","NULL - Null Reference [00000000]"
"_PARENT_mod_WEAPON_GENERIC_AntiScorchBeast","PLANTILLA: información Antibestias calcinadas",9,"AimModelRecoilMinDegPerShot","MUL+ADD","0.100000","0.000000","NULL - Null Reference [00000000]"
"_PARENT_mod_WEAPON_GENERIC_AntiScorchBeast","PLANTILLA: información Antibestias calcinadas",10,"AimModelRecoilArcDeg","MUL+ADD","0.100000","0.000000","NULL - Null Reference [00000000]"
"_PARENT_mod_WEAPON_GENERIC_AntiScorchBeast","PLANTILLA: información Antibestias calcinadas",11,"AimModelRecoilArcRotateDeg","MUL+ADD","0.100000","0.000000","NULL - Null Reference [00000000]"
"_PARENT_mod_WEAPON_GENERIC_AntiScorchBeast","PLANTILLA: información Antibestias calcinadas",12,"AttackActionPointCost","MUL+ADD","0.150000","0.000000","NULL - Null Reference [00000000]"
"_PARENT_mod_WEAPON_GENERIC_AntiScorchBeast","PLANTILLA: información Antibestias calcinadas",13,"ActorValues","ADD","STAT_DmgVsScorched "Daño a calcinados" [AVIF:00058D36]","65.000000","NULL - Null Reference [00000000]"
"_PARENT_mod_WEAPON_GENERIC_AntiScorchBeast","PLANTILLA: información Antibestias calcinadas",14,"Durability","MUL+ADD","-0.125000","0.000000","NULL - Null Reference [00000000]"
"_PARENT_mod_WEAPON_GENERIC_AntiScorchBeast","PLANTILLA: información Antibestias calcinadas",15,"DamageBonusMult","ADD","0.350000","0.000000","NULL - Null Reference [00000000]"
"_PARENT_mod_WEAPON_GENERIC_ArmorPiercing","PLANTILLA: Perforante",0,"Value","MUL+ADD","0.200000","0.000000","NULL - Null Reference [00000000]"
"_PARENT_mod_WEAPON_GENERIC_ArmorPiercing","PLANTILLA: Perforante",1,"Weight","MUL+ADD","0.150000","0.000000","NULL - Null Reference [00000000]"
"_PARENT_mod_WEAPON_GENERIC_ArmorPiercing","PLANTILLA: Perforante",2,"Enchantments","ADD","enchModArmorPenetration [ENCH:001F4425]","1","NULL - Null Reference [00000000]"
"_PARENT_mod_WEAPON_GENERIC_ArmorPiercing","PLANTILLA: Perforante",3,"AttackActionPointCost","MUL+ADD","0.150000","0.000000","NULL - Null Reference [00000000]"
"_PARENT_mod_WEAPON_GENERIC_ArmorPiercing","PLANTILLA: Perforante",4,"ActorValues","ADD","ArmorPenetration "Penetración de blindaje" [AVIF:00097341]","25.000000","NULL - Null Reference [00000000]"
"_PARENT_mod_WEAPON_GENERIC_ArmorPiercing","PLANTILLA: Perforante",5,"Durability","MUL+ADD","-0.075000","0.000000","NULL - Null Reference [00000000]"
"_PARENT_mod_WEAPON_GENERIC_ExtraLimbDamage","",0,"ActorValues","ADD","STAT_DmgLimbs "Daño a las extremidades" [AVIF:001EF5D9]","25.000000","NULL - Null Reference [00000000]"
"_PARENT_mod_WEAPON_GENERIC_Poisoned_Split3","Envenenado",0,"AttackDamage","MUL+ADD","0.000000","0.000000","CT_Weap_PARENT_Mod_Damage_Split3Even_Primary [CURV:00797681]"
"_PARENT_mod_WEAPON_GENERIC_Poisoned_Split3","Envenenado",1,"Value","MUL+ADD","0.150000","0.000000","NULL - Null Reference [00000000]"
"_PARENT_mod_WEAPON_GENERIC_Poisoned_Split3","Envenenado",2,"Weight","MUL+ADD","0.100000","0.000000","NULL - Null Reference [00000000]"
"_PARENT_mod_WEAPON_GENERIC_Poisoned_Split3","Envenenado",3,"Keywords","ADD","DamageTypePoison [KYWD:0004B25B]","2","NULL - Null Reference [00000000]"
"_PARENT_mod_WEAPON_GENERIC_Poisoned_Split3","Envenenado",4,"DamageTypeValues","MUL+ADD","dtPoison "Daño por veneno" [DMGT:00060A84]","0.000000","CT_Weap_PARENT_Mod_Damage_Split3Even_Secondary [CURV:00797687]"
"_PARENT_mod_WEAPON_GENERIC_Poisoned_Split3","Envenenado",5,"Durability","MUL+ADD","-0.050000","0.000000","NULL - Null Reference [00000000]"
"_PARENT_mod_WEAPON_GENERIC_Burning_Split3","Llameante",0,"AttackDamage","MUL+ADD","0.000000","0.000000","CT_Weap_PARENT_Mod_Damage_Split3Even_Primary [CURV:00797681]"
"_PARENT_mod_WEAPON_GENERIC_Burning_Split3","Llameante",1,"Value","MUL+ADD","0.150000","0.000000","NULL - Null Reference [00000000]"
"_PARENT_mod_WEAPON_GENERIC_Burning_Split3","Llameante",2,"Weight","MUL+ADD","0.100000","0.000000","NULL - Null Reference [00000000]"
"_PARENT_mod_WEAPON_GENERIC_Burning_Split3","Llameante",3,"Keywords","ADD","WeaponTypeFireDamage "Fuego" [KYWD:0051850D]","2","NULL - Null Reference [00000000]"
"_PARENT_mod_WEAPON_GENERIC_Burning_Split3","Llameante",4,"DamageTypeValues","MUL+ADD","dtFire "Daño de fuego" [DMGT:00060A82]","0.000000","CT_Weap_PARENT_Mod_Damage_Split3Even_Secondary [CURV:00797687]"
"_PARENT_mod_WEAPON_GENERIC_Burning_Split3","Llameante",5,"Durability","MUL+ADD","-0.050000","0.000000","NULL - Null Reference [00000000]"
"_PARENT_mod_WEAPON_GENERIC_Energy_Split2","Energía",0,"AttackDamage","MUL+ADD","-0.400000","-0.400000","NULL - Null Reference [00000000]"
"_PARENT_mod_WEAPON_GENERIC_Energy_Split2","Energía",1,"Value","MUL+ADD","0.150000","0.000000","NULL - Null Reference [00000000]"
"_PARENT_mod_WEAPON_GENERIC_Energy_Split2","Energía",2,"Weight","MUL+ADD","0.100000","0.000000","NULL - Null Reference [00000000]"
"_PARENT_mod_WEAPON_GENERIC_Energy_Split2","Energía",3,"Keywords","ADD","DamageTypeEnergy [KYWD:0004A0CB]","2","NULL - Null Reference [00000000]"
"_PARENT_mod_WEAPON_GENERIC_Energy_Split2","Energía",4,"DamageTypeValues","MUL+ADD","dtEnergy "Daño por energía" [DMGT:00060A81]","0.600000","NULL - Null Reference [00000000]"
"_PARENT_mod_WEAPON_GENERIC_Energy_Split2","Energía",5,"Durability","MUL+ADD","-0.050000","0.000000","NULL - Null Reference [00000000]"
"_PARENT_mod_WEAPON_GENERIC_Energy_FullConvert","Energía",0,"AttackDamage","MUL+ADD","-1.000000","-1.000000","NULL - Null Reference [00000000]"
"_PARENT_mod_WEAPON_GENERIC_Energy_FullConvert","Energía",1,"Value","MUL+ADD","0.100000","0.000000","NULL - Null Reference [00000000]"
"_PARENT_mod_WEAPON_GENERIC_Energy_FullConvert","Energía",2,"Weight","MUL+ADD","0.100000","0.000000","NULL - Null Reference [00000000]"
"_PARENT_mod_WEAPON_GENERIC_Energy_FullConvert","Energía",3,"Keywords","ADD","DamageTypeEnergy [KYWD:0004A0CB]","2","NULL - Null Reference [00000000]"
"_PARENT_mod_WEAPON_GENERIC_Energy_FullConvert","Energía",4,"DamageTypeValues","MUL+ADD","dtEnergy "Daño por energía" [DMGT:00060A81]","1.000000","NULL - Null Reference [00000000]"
"_PARENT_mod_WEAPON_GENERIC_Energy_FullConvert","Energía",5,"Durability","MUL+ADD","-0.050000","0.000000","NULL - Null Reference [00000000]"
"_PARENT_mod_WEAPON_GENERIC_Cryo_Split2","Criogénica",0,"AttackDamage","MUL+ADD","-0.400000","-0.400000","NULL - Null Reference [00000000]"
"_PARENT_mod_WEAPON_GENERIC_Cryo_Split2","Criogénica",1,"Value","MUL+ADD","0.150000","0.000000","NULL - Null Reference [00000000]"
"_PARENT_mod_WEAPON_GENERIC_Cryo_Split2","Criogénica",2,"Weight","MUL+ADD","0.100000","0.000000","NULL - Null Reference [00000000]"
"_PARENT_mod_WEAPON_GENERIC_Cryo_Split2","Criogénica",3,"Keywords","ADD","DamageTypeCyro [KYWD:0004A0C9]","2","NULL - Null Reference [00000000]"
"_PARENT_mod_WEAPON_GENERIC_Cryo_Split2","Criogénica",4,"DamageTypeValues","MUL+ADD","dtCryo "Daño por hielo" [DMGT:00060A83]","0.600000","NULL - Null Reference [00000000]"
"_PARENT_mod_WEAPON_GENERIC_Cryo_Split2","Criogénica",5,"Durability","MUL+ADD","-0.050000","0.000000","NULL - Null Reference [00000000]"
"_PARENT_mod_WEAPON_GENERIC_BurningBleed_Split4","Hemorragia-Llameante",0,"AttackDamage","MUL+ADD","-0.550000","-0.550000","NULL - Null Reference [00000000]"
"_PARENT_mod_WEAPON_GENERIC_BurningBleed_Split4","Hemorragia-Llameante",1,"Value","MUL+ADD","0.200000","0.000000","NULL - Null Reference [00000000]"
"_PARENT_mod_WEAPON_GENERIC_BurningBleed_Split4","Hemorragia-Llameante",2,"Weight","MUL+ADD","0.200000","0.000000","NULL - Null Reference [00000000]"
"_PARENT_mod_WEAPON_GENERIC_BurningBleed_Split4","Hemorragia-Llameante",3,"Keywords","ADD","WeaponTypeFireDamage "Fuego" [KYWD:0051850D]","2","NULL - Null Reference [00000000]"
"_PARENT_mod_WEAPON_GENERIC_BurningBleed_Split4","Hemorragia-Llameante",4,"DamageTypeValues","MUL+ADD","dtFire "Daño de fuego" [DMGT:00060A82]","0.000000","CT_Weap_PARENT_Mod_Damage_Split3Even_Secondary [CURV:00797687]"
"_PARENT_mod_WEAPON_GENERIC_BurningBleed_Split4","Hemorragia-Llameante",5,"Durability","MUL+ADD","-0.075000","0.000000","NULL - Null Reference [00000000]"
"_PARENT_mod_WEAPON_GENERIC_EnergyPoisoned_Split3","Envenenado",0,"Value","MUL+ADD","0.150000","0.000000","NULL - Null Reference [00000000]"
"_PARENT_mod_WEAPON_GENERIC_EnergyPoisoned_Split3","Envenenado",1,"Weight","MUL+ADD","0.100000","0.000000","NULL - Null Reference [00000000]"
"_PARENT_mod_WEAPON_GENERIC_EnergyPoisoned_Split3","Envenenado",2,"Keywords","ADD","DamageTypePoison [KYWD:0004B25B]","2","NULL - Null Reference [00000000]"
"_PARENT_mod_WEAPON_GENERIC_EnergyPoisoned_Split3","Envenenado",3,"DamageTypeValues","MUL+ADD","dtPoison "Daño por veneno" [DMGT:00060A84]","0.000000","CT_Weap_PARENT_Mod_Damage_Split3Even_Secondary [CURV:00797687]"
"_PARENT_mod_WEAPON_GENERIC_EnergyPoisoned_Split3","Envenenado",4,"DamageTypeValues","MUL+ADD","dtEnergy "Daño por energía" [DMGT:00060A81]","0.000000","CT_Weap_PARENT_Mod_Damage_Split3Even_Primary [CURV:00797681]"
"_PARENT_mod_WEAPON_GENERIC_EnergyPoisoned_Split3","Envenenado",5,"Durability","MUL+ADD","-0.050000","0.000000","NULL - Null Reference [00000000]"
"_PARENT_mod_WEAPON_GENERIC_EnergyCryo_Split2","Criogénica",0,"Value","MUL+ADD","0.150000","0.000000","NULL - Null Reference [00000000]"
"_PARENT_mod_WEAPON_GENERIC_EnergyCryo_Split2","Criogénica",1,"Weight","MUL+ADD","0.100000","0.000000","NULL - Null Reference [00000000]"
"_PARENT_mod_WEAPON_GENERIC_EnergyCryo_Split2","Criogénica",2,"Keywords","ADD","DamageTypeCyro [KYWD:0004A0C9]","2","NULL - Null Reference [00000000]"
"_PARENT_mod_WEAPON_GENERIC_EnergyCryo_Split2","Criogénica",3,"DamageTypeValues","MUL+ADD","dtCryo "Daño por hielo" [DMGT:00060A83]","0.600000","NULL - Null Reference [00000000]"
"_PARENT_mod_WEAPON_GENERIC_EnergyCryo_Split2","Criogénica",4,"DamageTypeValues","MUL+ADD","dtEnergy "Daño por energía" [DMGT:00060A81]","-0.400000","NULL - Null Reference [00000000]"
"_PARENT_mod_WEAPON_GENERIC_EnergyCryo_Split2","Criogénica",5,"Durability","MUL+ADD","-0.050000","0.000000","NULL - Null Reference [00000000]"
"_PARENT_mod_WEAPON_GENERIC_EnergyBurning_Split3","En llamas",0,"Value","MUL+ADD","0.150000","0.000000","NULL - Null Reference [00000000]"
"_PARENT_mod_WEAPON_GENERIC_EnergyBurning_Split3","En llamas",1,"Weight","MUL+ADD","0.100000","0.000000","NULL - Null Reference [00000000]"
"_PARENT_mod_WEAPON_GENERIC_EnergyBurning_Split3","En llamas",2,"Keywords","ADD","WeaponTypeFireDamage "Fuego" [KYWD:0051850D]","2","NULL - Null Reference [00000000]"
"_PARENT_mod_WEAPON_GENERIC_EnergyBurning_Split3","En llamas",3,"DamageTypeValues","MUL+ADD","dtEnergy "Daño por energía" [DMGT:00060A81]","0.000000","CT_Weap_PARENT_Mod_Damage_Split3Even_Primary [CURV:00797681]"
"_PARENT_mod_WEAPON_GENERIC_EnergyBurning_Split3","En llamas",4,"Durability","MUL+ADD","-0.050000","0.000000","NULL - Null Reference [00000000]"
"_PARENT_mod_WEAPON_GENERIC_Stabilized","PLANTILLA: módulo estabilizado de arma",0,"Value","MUL+ADD","0.200000","0.000000","NULL - Null Reference [00000000]"
"_PARENT_mod_WEAPON_GENERIC_Stabilized","PLANTILLA: módulo estabilizado de arma",1,"Weight","MUL+ADD","0.150000","0.000000","NULL - Null Reference [00000000]"
"_PARENT_mod_WEAPON_GENERIC_Stabilized","PLANTILLA: módulo estabilizado de arma",2,"AimModelMinConeDegrees","MUL+ADD","-0.050000","0.000000","NULL - Null Reference [00000000]"
"_PARENT_mod_WEAPON_GENERIC_Stabilized","PLANTILLA: módulo estabilizado de arma",3,"AimModelMaxConeDegrees","MUL+ADD","-0.250000","0.000000","NULL - Null Reference [00000000]"
"_PARENT_mod_WEAPON_GENERIC_Stabilized","PLANTILLA: módulo estabilizado de arma",4,"AimModelRecoilHipMult","MUL+ADD","-0.150000","0.000000","NULL - Null Reference [00000000]"
"_PARENT_mod_WEAPON_GENERIC_Stabilized","PLANTILLA: módulo estabilizado de arma",5,"AimModelRecoilShotsForRunaway","MUL+ADD","0.250000","0.000000","NULL - Null Reference [00000000]"
"_PARENT_mod_WEAPON_GENERIC_Stabilized","PLANTILLA: módulo estabilizado de arma",6,"AimModelConeIronSightsMultiplier","MUL+ADD","0.150000","0.000000","NULL - Null Reference [00000000]"
"_PARENT_mod_WEAPON_GENERIC_Stabilized","PLANTILLA: módulo estabilizado de arma",7,"Durability","MUL+ADD","-0.100000","0.000000","NULL - Null Reference [00000000]"
"_PARENT_mod_WEAPON_GENERIC_True","PLANTILLA: módulo genuino de arma",0,"Value","MUL+ADD","0.200000","0.000000","NULL - Null Reference [00000000]"
"_PARENT_mod_WEAPON_GENERIC_True","PLANTILLA: módulo genuino de arma",1,"Weight","MUL+ADD","0.150000","0.000000","NULL - Null Reference [00000000]"
"_PARENT_mod_WEAPON_GENERIC_True","PLANTILLA: módulo genuino de arma",2,"AimModelMinConeDegrees","MUL+ADD","-0.150000","0.000000","NULL - Null Reference [00000000]"
"_PARENT_mod_WEAPON_GENERIC_True","PLANTILLA: módulo genuino de arma",3,"AimModelConeIncreasePerShot","MUL+ADD","0.100000","0.000000","NULL - Null Reference [00000000]"
"_PARENT_mod_WEAPON_GENERIC_True","PLANTILLA: módulo genuino de arma",4,"AimModelRecoilDiminishSightsMult","MUL+ADD","0.150000","0.000000","NULL - Null Reference [00000000]"
"_PARENT_mod_WEAPON_GENERIC_True","PLANTILLA: módulo genuino de arma",5,"AimModelRecoilShotsForRunaway","MUL+ADD","-0.250000","0.000000","NULL - Null Reference [00000000]"
"_PARENT_mod_WEAPON_GENERIC_True","PLANTILLA: módulo genuino de arma",6,"AimModelConeIronSightsMultiplier","MUL+ADD","-0.150000","0.000000","NULL - Null Reference [00000000]"
"_PARENT_mod_WEAPON_GENERIC_True","PLANTILLA: módulo genuino de arma",7,"Durability","MUL+ADD","-0.050000","0.000000","NULL - Null Reference [00000000]"
"_PARENT_mod_WEAPON_GENERIC_Aligned","PLANTILLA: módulo alineado de arma",0,"Value","MUL+ADD","0.200000","0.000000","NULL - Null Reference [00000000]"
"_PARENT_mod_WEAPON_GENERIC_Aligned","PLANTILLA: módulo alineado de arma",1,"Weight","MUL+ADD","0.150000","0.000000","NULL - Null Reference [00000000]"
"_PARENT_mod_WEAPON_GENERIC_Aligned","PLANTILLA: módulo alineado de arma",2,"AccuracyBonus","ADD","10","0","NULL - Null Reference [00000000]"
"_PARENT_mod_WEAPON_GENERIC_Aligned","PLANTILLA: módulo alineado de arma",3,"AttackActionPointCost","MUL+ADD","-0.100000","0.000000","NULL - Null Reference [00000000]"
"_PARENT_mod_WEAPON_GENERIC_Aligned","PLANTILLA: módulo alineado de arma",4,"Durability","MUL+ADD","-0.100000","0.000000","NULL - Null Reference [00000000]"
"_PARENT_mod_WEAPON_GENERIC_Fancy","PLANTILLA: datos sofisticados",0,"Speed","MUL+ADD","0.100000","0.000000","NULL - Null Reference [00000000]"
"_PARENT_mod_WEAPON_GENERIC_Fancy","PLANTILLA: datos sofisticados",1,"Weight","MUL+ADD","0.100000","0.000000","NULL - Null Reference [00000000]"
"_PARENT_mod_WEAPON_GENERIC_Fancy","PLANTILLA: datos sofisticados",2,"AimModelMinConeDegrees","MUL+ADD","0.075000","0.000000","NULL - Null Reference [00000000]"
"_PARENT_mod_WEAPON_GENERIC_Fancy","PLANTILLA: datos sofisticados",3,"AimModelMaxConeDegrees","MUL+ADD","0.075000","0.000000","NULL - Null Reference [00000000]"
"_PARENT_mod_WEAPON_GENERIC_Fancy","PLANTILLA: datos sofisticados",4,"AimModelConeSneakMultiplier","MUL+ADD","-0.150000","-0.150000","NULL - Null Reference [00000000]"
"_PARENT_mod_WEAPON_GENERIC_Fancy","PLANTILLA: datos sofisticados",5,"AimModelRecoilDiminishSightsMult","MUL+ADD","0.100000","0.000000","NULL - Null Reference [00000000]"
"_PARENT_mod_WEAPON_GENERIC_Fancy","PLANTILLA: datos sofisticados",6,"AimModelConeIronSightsMultiplier","MUL+ADD","-0.150000","0.000000","NULL - Null Reference [00000000]"
"_PARENT_mod_WEAPON_GENERIC_Fancy","PLANTILLA: datos sofisticados",7,"ReloadSpeed","MUL+ADD","0.250000","0.250000","NULL - Null Reference [00000000]"
"_PARENT_mod_WEAPON_GENERIC_Fancy","PLANTILLA: datos sofisticados",8,"AttackActionPointCost","MUL+ADD","0.100000","0.100000","NULL - Null Reference [00000000]"
"_PARENT_mod_WEAPON_GENERIC_Fancy","PLANTILLA: datos sofisticados",9,"SightedTransitionSeconds","MUL+ADD","-0.150000","0.000000","NULL - Null Reference [00000000]"
"_PARENT_mod_WEAPON_GENERIC_Fancy","PLANTILLA: datos sofisticados",10,"Durability","MUL+ADD","-0.100000","0.000000","NULL - Null Reference [00000000]"
